{"cameraMode":{"drawMode":0,"name":"Shaded","section":"Shading Mode"},"sceneLighting":true,"audioPlay":false,"sceneViewState":{"showFog":true,"showMaterialUpdate":false,"showSkybox":true,"showFlares":true,"showImageEffects":true,"showParticleSystems":true},"in2DMode":false,"pivot":{"x":3.5530855655670168,"y":-30.933073043823243,"z":-2.9837937355041506},"rotation":{"x":0.6362462639808655,"y":-0.19580884277820588,"z":0.17175732553005219,"w":0.7263800501823425},"size":47.75949478149414,"orthographic":false}