{"cameraMode":{"drawMode":0,"name":"Shaded","section":"Shading Mode"},"sceneLighting":true,"audioPlay":false,"sceneViewState":{"showFog":true,"showMaterialUpdate":false,"showSkybox":true,"showFlares":true,"showImageEffects":true,"showParticleSystems":true},"in2DMode":false,"pivot":{"x":0.9780269265174866,"y":-7.044314384460449,"z":-11.152467727661133},"rotation":{"x":-0.005653874948620796,"y":0.9285733699798584,"z":-0.37130656838417055,"w":-0.013792082667350769},"size":16.75714874267578,"orthographic":false}