{"cameraMode":{"drawMode":0,"name":"Shaded","section":"Shading Mode"},"sceneLighting":false,"audioPlay":false,"sceneViewState":{"showFog":true,"showMaterialUpdate":false,"showSkybox":true,"showFlares":true,"showImageEffects":true,"showParticleSystems":true},"in2DMode":false,"pivot":{"x":0.35931992530822756,"y":-0.5816210508346558,"z":-0.8498860597610474},"rotation":{"x":-0.12301068753004074,"y":0.7285523414611816,"z":-0.13534186780452729,"w":-0.6603812575340271},"size":3.458871603012085,"orthographic":false}