{"cameraMode":{"drawMode":0,"name":"Shaded","section":"Shading Mode"},"sceneLighting":false,"audioPlay":false,"sceneViewState":{"showFog":true,"showMaterialUpdate":false,"showSkybox":true,"showFlares":true,"showImageEffects":true,"showParticleSystems":true},"in2DMode":false,"pivot":{"x":-1.7532262802124024,"y":-0.8132467269897461,"z":0.36179277300834658},"rotation":{"x":-0.175613671541214,"y":0.6114835739135742,"z":-0.1414143294095993,"w":-0.7586471438407898},"size":3.973135471343994,"orthographic":false}