{"cameraMode":{"drawMode":0,"name":"Shaded","section":"Shading Mode"},"sceneLighting":false,"audioPlay":false,"sceneViewState":{"showFog":true,"showMaterialUpdate":false,"showSkybox":true,"showFlares":true,"showImageEffects":true,"showParticleSystems":true},"in2DMode":false,"pivot":{"x":2.3302671909332277,"y":0.3509892225265503,"z":-0.06999999284744263},"rotation":{"x":-0.24606254696846009,"y":0.4764691889286041,"z":-0.14074558019638062,"w":-0.8322922587394714},"size":3.2255442142486574,"orthographic":false}