{"cameraMode":{"drawMode":0,"name":"Shaded","section":"Shading Mode"},"sceneLighting":false,"audioPlay":false,"sceneViewState":{"showFog":true,"showMaterialUpdate":false,"showSkybox":true,"showFlares":true,"showImageEffects":true,"showParticleSystems":true},"in2DMode":false,"pivot":{"x":-8.576888084411621,"y":-1.1025753021240235,"z":2.977368116378784},"rotation":{"x":-0.3768131732940674,"y":0.017516229301691057,"z":-0.00716074462980032,"w":-0.9261730313301086},"size":8.797711372375489,"orthographic":false}