{"cameraMode":{"drawMode":0,"name":"Shaded","section":"Shading Mode"},"sceneLighting":false,"audioPlay":false,"sceneViewState":{"showFog":true,"showMaterialUpdate":false,"showSkybox":true,"showFlares":true,"showImageEffects":true,"showParticleSystems":true},"in2DMode":false,"pivot":{"x":8.062324523925782,"y":8.930988311767579,"z":-3.5875167846679689},"rotation":{"x":0.24564304947853089,"y":0.6964671015739441,"z":-0.2784746587276459,"w":0.6142393350601196},"size":45.44085693359375,"orthographic":false}