{"cameraMode":{"drawMode":0,"name":"Shaded","section":"Shading Mode"},"sceneLighting":false,"audioPlay":false,"sceneViewState":{"showFog":true,"showMaterialUpdate":false,"showSkybox":true,"showFlares":true,"showImageEffects":true,"showParticleSystems":true},"in2DMode":false,"pivot":{"x":0.05765160918235779,"y":-0.412125825881958,"z":1.0469534397125245},"rotation":{"x":-0.0032824676018208267,"y":0.8431645631790161,"z":-0.5379393696784973,"w":-0.004909518174827099},"size":3.458871603012085,"orthographic":false}