{"cameraMode":{"drawMode":0,"name":"Shaded","section":"Shading Mode"},"sceneLighting":false,"audioPlay":false,"sceneViewState":{"showFog":true,"showMaterialUpdate":false,"showSkybox":true,"showFlares":true,"showImageEffects":true,"showParticleSystems":true},"in2DMode":false,"pivot":{"x":-7.063953876495361,"y":7.776661396026611,"z":0.5693678259849548},"rotation":{"x":-0.40747934579849245,"y":0.5590594410896301,"z":-0.6228873133659363,"w":-0.3656080961227417},"size":4.887530326843262,"orthographic":false}