{"cameraMode":{"drawMode":0,"name":"Shaded","section":"Shading Mode"},"sceneLighting":false,"audioPlay":false,"sceneViewState":{"showFog":true,"showMaterialUpdate":false,"showSkybox":true,"showFlares":true,"showImageEffects":true,"showParticleSystems":true},"in2DMode":false,"pivot":{"x":-11.989999771118164,"y":0.0,"z":1.2400000095367432},"rotation":{"x":-0.7321028113365173,"y":0.010296988300979138,"z":-0.010979769751429558,"w":-0.6812040209770203},"size":6.637774467468262,"orthographic":false}