{"cameraMode":{"drawMode":0,"name":"Shaded","section":"Shading Mode"},"sceneLighting":false,"audioPlay":false,"sceneViewState":{"showFog":true,"showMaterialUpdate":false,"showSkybox":true,"showFlares":true,"showImageEffects":true,"showParticleSystems":true},"in2DMode":false,"pivot":{"x":0.007999897003173828,"y":0.7724999785423279,"z":0.0},"rotation":{"x":-0.3038890063762665,"y":0.5965975522994995,"z":-0.26067885756492617,"w":-0.6956359148025513},"size":12.170585632324219,"orthographic":false}