{"cameraMode":{"drawMode":0,"name":"Shaded","section":"Shading Mode"},"sceneLighting":false,"audioPlay":false,"sceneViewState":{"showFog":true,"showMaterialUpdate":false,"showSkybox":true,"showFlares":true,"showImageEffects":true,"showParticleSystems":true},"in2DMode":false,"pivot":{"x":1.3675258159637452,"y":0.41398534178733828,"z":-0.5942992568016052},"rotation":{"x":0.5628076195716858,"y":0.058717988431453708,"z":-0.03989674150943756,"w":0.8236980438232422},"size":3.0731356143951418,"orthographic":false}