{"cameraMode":{"drawMode":0,"name":"Shaded","section":"Shading Mode"},"sceneLighting":false,"audioPlay":false,"sceneViewState":{"showFog":true,"showMaterialUpdate":false,"showSkybox":true,"showFlares":true,"showImageEffects":true,"showParticleSystems":true},"in2DMode":false,"pivot":{"x":0.23999977111816407,"y":0.3999999761581421,"z":-1.7300000190734864},"rotation":{"x":-0.7321028113365173,"y":0.010296988300979138,"z":-0.010979769751429558,"w":-0.6812040209770203},"size":11.363892555236817,"orthographic":false}