{"cameraMode":{"drawMode":0,"name":"Shaded","section":"Shading Mode"},"sceneLighting":false,"audioPlay":false,"sceneViewState":{"showFog":true,"showMaterialUpdate":false,"showSkybox":true,"showFlares":true,"showImageEffects":true,"showParticleSystems":true},"in2DMode":false,"pivot":{"x":-0.14300012588500977,"y":0.37599998712539675,"z":0.9590001106262207},"rotation":{"x":-0.06797214597463608,"y":0.7557394504547119,"z":-0.07900751382112503,"w":-0.6467894911766052},"size":22.0,"orthographic":false}